John,John,Normal
Glenda,Glenda,Normal
Paul,Paul,Normal
Mario,Mario,Normal
Evelyn,Evelyn,Normal
Belinda,Belinda,Normal
Robert,Robert,Normal
Scott,Scott,Normal
Vincent,Vincent,Normal
Jane,Jane,Normal
Cedric,Cedric,Normal
Judith,Judith,Normal
Raymond,Raymond,Normal
William,William,Normal
Dominic,Dominic,Normal
Sara,Sara,Normal
Leo,Leo,Normal
Juliette,Juliette,Normal
Joshua,Joshua,Normal
Sam,Sam,Normal
Michael,Michael,Normal
Ramon,Ramon,Normal
Jacqueline,Jacqueline,Normal
Joseph,Joseph,Normal
Armando,Armando,Normal
Patricia,Patricia,Normal
Shari,Shari,Normal
Mark,Mark,Normal
Vivian,Vivian,Normal
Lela,Lela,Normal
Delisa,Delisa,Normal
Aline,Aline,Normal
Debra,Debra,Normal
Lisa,Lisa,Normal
Maryjane,Maryjane,Normal
Ashley,Ashley,Normal
Rose,Rose,Normal
Hugh,Hugh,Normal
Victor,Victor,Normal
Kenneth,Kenneth,Normal
Barbara,Barbara,Normal
Timothy,Timothy,Normal
Harvey,Harvey,Normal
Helen,Helen,Normal
Calvin,Calvin,Normal
David,David,Normal
Rex,Rex,Normal
Kristin,Kristin,Normal
Craig,Craig,Normal
Tamra,Tamra,Normal
Doris,Doris,Normal
Laura,Laura,Normal
Nichelle,Nichelle,Normal
Elwood,Elwood,Normal
Heriberto,Heriberto,Normal
Shannon,Shannon,Normal
Victoria,Victoria,Normal
Christina,Christina,Normal
Boyd,Boyd,Normal
Bette,Bette,Normal
Suzanne,Suzanne,Normal
Edward,Edward,Normal
Janet,Janet,Normal
Aaron,Aaron,Normal
Annie,Annie,Normal
Claude,Claude,Normal
Anna,Anna,Normal
Mary,Mary,Normal
Kim,Kim,Normal
Mildred,Mildred,Normal
Kathleen,Kathleen,Normal
Christa,Christa,Normal
Kaitlyn,Kaitlyn,Normal
Jose,Jose,Normal
Sandy,Sandy,Normal
Agustin,Agustin,Normal
Wanda,Wanda,Normal
Jeffrey,Jeffrey,Normal
Blanch,Blanch,Normal
Mable,Mable,Normal
Holly,Holly,Normal
Jesse,Jesse,Normal
Therese,Therese,Normal
Megan,Megan,Normal
Bobbye,Bobbye,Normal
Nichole,Nichole,Normal
James,James,Normal
